<Book><BookInfo><ID>-1662680844110</ID><Name><![CDATA[]]></Name><BookType>interact_book_hor</BookType><DeviceType>iphone_book</DeviceType><DeviceVersion>null</DeviceVersion><PlatformType>android_platform</PlatformType><Description><![CDATA[]]></Description><HomePageID>-1662682120523</HomePageID><StartPageTime><![CDATA[4]]></StartPageTime><IsLoadSnap>true</IsLoadSnap><IsLoadNavigation>true</IsLoadNavigation><BookFlipType>slider_flip</BookFlipType><BookNavType>threed_navigation_view</BookNavType><BookControllerType>book_view_type</BookControllerType><Proportion>false</Proportion><AndroidAdapterType>KEEPSIZE_SCALE</AndroidAdapterType><IsFree>true</IsFree><BookMark><IsShowBookMark>false</IsShowBookMark><IsShowBookMarkLabel>true</IsShowBookMarkLabel><BookMarkLablePositon>left|bottom</BookMarkLablePositon><BookMarkLabelHorGap>20</BookMarkLabelHorGap><BookMarkLabelVerGap>20</BookMarkLabelVerGap><BookMarkLabelText><![CDATA[Smart Apps Creator]]></BookMarkLabelText></BookMark><BookWidth>1920</BookWidth><BookHeight>1080</BookHeight><ADType>-1</ADType><ADPosition>top</ADPosition><ExeStyleType>IOS_STYLE</ExeStyleType><ProductID></ProductID><ReferenceName><![CDATA[]]></ReferenceName><PushID></PushID><ActivePush>false</ActivePush><FullScreen>false</FullScreen><Buttons><Button><X>0</X><Y>0</Y><Width>132</Width><Height>132</Height><Type>home_page_btn</Type><isVisible>false</isVisible><LayoutType>LEFT_TOP</LayoutType><Vergap>0</Vergap><Horgap>0</Horgap><UserDefNav>false</UserDefNav><Source></Source><SelectedSource></SelectedSource></Button><Button><X>1788</X><Y>0</Y><Width>132</Width><Height>132</Height><Type>open_navigate_btn</Type><isVisible>false</isVisible><LayoutType>RIGHT_TOP</LayoutType><Vergap>0</Vergap><Horgap>0</Horgap><UserDefNav>false</UserDefNav><Source></Source><SelectedSource></SelectedSource></Button><Button><X>0</X><Y>474</Y><Width>132</Width><Height>132</Height><Type>pre_page_btn</Type><isVisible>false</isVisible><LayoutType>LEFT_TOP</LayoutType><Vergap>474</Vergap><Horgap>0</Horgap><UserDefNav>false</UserDefNav><Source></Source><SelectedSource></SelectedSource></Button><Button><X>1788</X><Y>474</Y><Width>132</Width><Height>132</Height><Type>next_page_btn</Type><isVisible>false</isVisible><LayoutType>RIGHT_TOP</LayoutType><Vergap>474</Vergap><Horgap>0</Horgap><UserDefNav>false</UserDefNav><Source></Source><SelectedSource></SelectedSource></Button></Buttons></BookInfo><Snapshots><Snapshot> <SnapshotId>-1663158540959.png</SnapshotId><SnapshotWidth>1920</SnapshotWidth><SnapshotHeight>1080</SnapshotHeight><PageId>-1662680844166</PageId><PageTitle><![CDATA[]]></PageTitle></Snapshot> <Snapshot> <SnapshotId>-1663295004054.jpg</SnapshotId><SnapshotWidth>640</SnapshotWidth><SnapshotHeight>360</SnapshotHeight><PageId>-1662682120523</PageId><PageTitle><![CDATA[]]></PageTitle></Snapshot> <Snapshot> <SnapshotId>-1663174036578.jpg</SnapshotId><SnapshotWidth>640</SnapshotWidth><SnapshotHeight>360</SnapshotHeight><PageId>-1662700650178</PageId><PageTitle><![CDATA[]]></PageTitle></Snapshot> <Snapshot> <SnapshotId>-1663252619704.jpg</SnapshotId><SnapshotWidth>640</SnapshotWidth><SnapshotHeight>360</SnapshotHeight><PageId>-1662730096225</PageId><PageTitle><![CDATA[]]></PageTitle></Snapshot> <Snapshot> <SnapshotId>-1663252620735.jpg</SnapshotId><SnapshotWidth>640</SnapshotWidth><SnapshotHeight>360</SnapshotHeight><PageId>-1662736911681</PageId><PageTitle><![CDATA[]]></PageTitle></Snapshot> <Snapshot> <SnapshotId>-1663252621781.jpg</SnapshotId><SnapshotWidth>640</SnapshotWidth><SnapshotHeight>360</SnapshotHeight><PageId>-1662902540831</PageId><PageTitle><![CDATA[]]></PageTitle></Snapshot> <Snapshot> <SnapshotId>-1663252622860.jpg</SnapshotId><SnapshotWidth>640</SnapshotWidth><SnapshotHeight>360</SnapshotHeight><PageId>-1663169069180</PageId><PageTitle><![CDATA[]]></PageTitle></Snapshot> <Snapshot> <SnapshotId>-1663296037584.jpg</SnapshotId><SnapshotWidth>640</SnapshotWidth><SnapshotHeight>360</SnapshotHeight><PageId>-1663170145708</PageId><PageTitle><![CDATA[]]></PageTitle></Snapshot> <Snapshot> <SnapshotId>-1663296696807.jpg</SnapshotId><SnapshotWidth>640</SnapshotWidth><SnapshotHeight>360</SnapshotHeight><PageId>-1663172146191</PageId><PageTitle><![CDATA[]]></PageTitle></Snapshot> <Snapshot> <SnapshotId>-1663297550438.jpg</SnapshotId><SnapshotWidth>640</SnapshotWidth><SnapshotHeight>360</SnapshotHeight><PageId>-1663172221646</PageId><PageTitle><![CDATA[]]></PageTitle></Snapshot> <Snapshot> <SnapshotId>-1663252626987.jpg</SnapshotId><SnapshotWidth>640</SnapshotWidth><SnapshotHeight>360</SnapshotHeight><PageId>-1663245084953</PageId><PageTitle><![CDATA[]]></PageTitle></Snapshot> <Snapshot> <SnapshotId>-1663252628049.jpg</SnapshotId><SnapshotWidth>640</SnapshotWidth><SnapshotHeight>360</SnapshotHeight><PageId>-1663245178318</PageId><PageTitle><![CDATA[]]></PageTitle></Snapshot> <Snapshot> <SnapshotId>-1663295006354.jpg</SnapshotId><SnapshotWidth>640</SnapshotWidth><SnapshotHeight>360</SnapshotHeight><PageId>-1663246509797</PageId><PageTitle><![CDATA[]]></PageTitle></Snapshot> <Snapshot> <SnapshotId>-1663295007587.jpg</SnapshotId><SnapshotWidth>640</SnapshotWidth><SnapshotHeight>360</SnapshotHeight><PageId>-1663247969419</PageId><PageTitle><![CDATA[]]></PageTitle></Snapshot> <Snapshot> <SnapshotId>-1663295008670.jpg</SnapshotId><SnapshotWidth>640</SnapshotWidth><SnapshotHeight>360</SnapshotHeight><PageId>-1663248267363</PageId><PageTitle><![CDATA[]]></PageTitle></Snapshot> <Snapshot> <SnapshotId>-1663295009670.jpg</SnapshotId><SnapshotWidth>640</SnapshotWidth><SnapshotHeight>360</SnapshotHeight><PageId>-1663248569939</PageId><PageTitle><![CDATA[]]></PageTitle></Snapshot> <Snapshot> <SnapshotId>-1663252633237.jpg</SnapshotId><SnapshotWidth>640</SnapshotWidth><SnapshotHeight>360</SnapshotHeight><PageId>-1663252580990</PageId><PageTitle><![CDATA[]]></PageTitle></Snapshot> <Snapshot> <SnapshotId>-1663295010903.jpg</SnapshotId><SnapshotWidth>640</SnapshotWidth><SnapshotHeight>360</SnapshotHeight><PageId>-1663291248375</PageId><PageTitle><![CDATA[]]></PageTitle></Snapshot> <Snapshot> <SnapshotId>-1663295011971.jpg</SnapshotId><SnapshotWidth>640</SnapshotWidth><SnapshotHeight>360</SnapshotHeight><PageId>-1663291364190</PageId><PageTitle><![CDATA[]]></PageTitle></Snapshot> <Snapshot> <SnapshotId>-1663295013053.jpg</SnapshotId><SnapshotWidth>640</SnapshotWidth><SnapshotHeight>360</SnapshotHeight><PageId>-1663292204737</PageId><PageTitle><![CDATA[]]></PageTitle></Snapshot> <Snapshot> <SnapshotId>-1663295014203.jpg</SnapshotId><SnapshotWidth>640</SnapshotWidth><SnapshotHeight>360</SnapshotHeight><PageId>-1663292410857</PageId><PageTitle><![CDATA[]]></PageTitle></Snapshot> <Snapshot> <SnapshotId>-1663295015203.jpg</SnapshotId><SnapshotWidth>640</SnapshotWidth><SnapshotHeight>360</SnapshotHeight><PageId>-1663292940682</PageId><PageTitle><![CDATA[]]></PageTitle></Snapshot> <Snapshot> <SnapshotId>-1663295016435.jpg</SnapshotId><SnapshotWidth>640</SnapshotWidth><SnapshotHeight>360</SnapshotHeight><PageId>-1663293086222</PageId><PageTitle><![CDATA[]]></PageTitle></Snapshot> <Snapshot> <SnapshotId>-1663252633237.jpg</SnapshotId><SnapshotWidth>640</SnapshotWidth><SnapshotHeight>360</SnapshotHeight><PageId>-1663293285782</PageId><PageTitle><![CDATA[]]></PageTitle></Snapshot> </Snapshots><Pages><Page><ID>-1662680844166</ID></Page><Page><ID>-1662682120523</ID></Page><Page><ID>-1662700650178</ID></Page><Page><ID>-1662730096225</ID></Page><Page><ID>-1662736911681</ID></Page><Page><ID>-1662902540831</ID></Page><Page><ID>-1663169069180</ID></Page><Page><ID>-1663170145708</ID></Page><Page><ID>-1663172146191</ID></Page><Page><ID>-1663172221646</ID></Page><Page><ID>-1663245084953</ID></Page><Page><ID>-1663245178318</ID></Page><Page><ID>-1663246509797</ID></Page><Page><ID>-1663247969419</ID></Page><Page><ID>-1663248267363</ID></Page><Page><ID>-1663248569939</ID></Page><Page><ID>-1663252580990</ID></Page><Page><ID>-1663291248375</ID></Page><Page><ID>-1663291364190</ID></Page><Page><ID>-1663292204737</ID></Page><Page><ID>-1663292410857</ID></Page><Page><ID>-1663292940682</ID></Page><Page><ID>-1663293086222</ID></Page><Page><ID>-1663293285782</ID></Page></Pages><StartPageID>-1662680844166</StartPageID><Sections><Section><ID>-1662682120656</ID><Name>Default%20Section</Name><isReverseSize>false</isReverseSize><isNeedPaid>false</isNeedPaid><Pages><Page>-1662682120523</Page><Page>-1662700650178</Page><Page>-1662730096225</Page><Page>-1662736911681</Page><Page>-1663169069180</Page><Page>-1663170145708</Page><Page>-1663172146191</Page><Page>-1663172221646</Page><Page>-1662902540831</Page><Page>-1663245084953</Page><Page>-1663245178318</Page><Page>-1663246509797</Page><Page>-1663247969419</Page><Page>-1663248267363</Page><Page>-1663248569939</Page><Page>-1663252580990</Page><Page>-1663291248375</Page><Page>-1663291364190</Page><Page>-1663292204737</Page><Page>-1663292410857</Page><Page>-1663292940682</Page><Page>-1663293086222</Page><Page>-1663293285782</Page></Pages></Section></Sections></Book>